Image	Object ID	Name	Class	Parent	ROI	Centroid X µm	Centroid Y µm	ID	Side	Parent ID	Num Detections	Num Negative	Num Positive	Positive %	Num Positive per mm^2	Area µm^2	Perimeter µm
JKBY11.1b_A3_Scan1.qptiff - resolution #1_Region 2.ome.tif	7569dd03-cc0a-4558-947d-d987ecb24a66	root	root	Image	Geometry	5252.3	3115.6	997	0	NaN	436	63	373	85.55	8.4	44404202.2	44836.8
JKBY11.1b_A3_Scan1.qptiff - resolution #1_Region 2.ome.tif	9d1730f6-11a2-4873-a122-1359c261519b	grey	grey	root	Geometry	5232.2	3008.6	8	0	997	436	63	373	85.55	9.303	40093992.3	86934
JKBY11.1b_A3_Scan1.qptiff - resolution #1_Region 2.ome.tif	ee200568-0255-428c-9fca-9ea51c9b742e	CB	CB	grey	Geometry	5591.2	4884.6	512	0	8	0	0	0	NaN	0	102638.1	4413.4
JKBY11.1b_A3_Scan1.qptiff - resolution #1_Region 2.ome.tif	98dae6c7-ca1d-44c0-a3c0-9bbadc3517d9	CH	CH	grey	Geometry	5366.1	2958.5	567	0	8	0	0	0	NaN	0	21016817.5	40495.3
JKBY11.1b_A3_Scan1.qptiff - resolution #1_Region 2.ome.tif	e66dbe20-a650-4700-991c-4834a15e1259	CTX	CTX	CH	Geometry	5366.1	2958.5	688	0	567	0	0	0	NaN	0	21016817.5	40495.3
JKBY11.1b_A3_Scan1.qptiff - resolution #1_Region 2.ome.tif	cd9ecfb5-e5ef-4674-9189-24e323365c6d	CTXpl	CTXpl	CTX	Geometry	5365.8	2958	695	0	688	0	0	0	NaN	0	21013650.4	40713.9
JKBY11.1b_A3_Scan1.qptiff - resolution #1_Region 2.ome.tif	84ae34fd-4bb5-401e-976d-0e92fac79fd3	Isocortex	Isocortex	CTXpl	Geometry	5736.1	1284.9	315	0	695	0	0	0	NaN	0	6390307.7	19252.5
JKBY11.1b_A3_Scan1.qptiff - resolution #1_Region 2.ome.tif	d99a6a1e-2e17-4678-92a3-5b0aba14655a	TEa	TEa	Isocortex	Geometry	9702.2	2357.3	541	0	315	0	0	0	NaN	0	169042.6	2114
JKBY11.1b_A3_Scan1.qptiff - resolution #1_Region 2.ome.tif	843d5df0-d2dc-4f9b-b8a2-b4263783b189	TEa5	TEa5	TEa	Geometry	9470.5	2431.3	289	0	541	0	0	0	NaN	0	4044	316.76
JKBY11.1b_A3_Scan1.qptiff - resolution #1_Region 2.ome.tif	970b6f14-bf5d-4f26-acfd-e769abfa775f	TEa1	TEa1	TEa	Geometry	9785.8	2336	97	0	541	0	0	0	NaN	0	78421.3	1653.3
JKBY11.1b_A3_Scan1.qptiff - resolution #1_Region 2.ome.tif	a15d1643-2f22-4895-b233-c667f0702d08	TEa2/3	TEa2/3	TEa	Geometry	9655.8	2367.2	1127	0	541	0	0	0	NaN	0	74045.7	1410.6
JKBY11.1b_A3_Scan1.qptiff - resolution #1_Region 2.ome.tif	23064597-e21b-421f-8b4f-624ac0b40552	TEa4	TEa4	TEa	Geometry	9528.6	2408.8	234	0	541	0	0	0	NaN	0	12531.5	528.97
JKBY11.1b_A3_Scan1.qptiff - resolution #1_Region 2.ome.tif	23a2159f-7570-4b91-a233-c6c58fbe57ee	ECT	ECT	Isocortex	Geometry	9553.2	2738.5	895	0	315	0	0	0	NaN	0	242750.8	2789
JKBY11.1b_A3_Scan1.qptiff - resolution #1_Region 2.ome.tif	f8b53535-1bac-4a19-a5f8-c5dfb4f42d31	ECT6b	ECT6b	ECT	Geometry	9146.2	2714.9	1045	0	895	0	0	0	NaN	0	2495.8	290.95
JKBY11.1b_A3_Scan1.qptiff - resolution #1_Region 2.ome.tif	1de30487-cc8a-417a-9f1d-9dbfbf21c4b6	ECT1	ECT1	ECT	Geometry	9802.5	2885.3	836	0	895	0	0	0	NaN	0	52218.7	1201.3
JKBY11.1b_A3_Scan1.qptiff - resolution #1_Region 2.ome.tif	f1a199ec-cdd4-4344-8d82-72c3743576f8	ECT2/3	ECT2/3	ECT	Geometry	9644.4	2724.2	427	0	895	0	0	0	NaN	0	84686.3	1344.6
JKBY11.1b_A3_Scan1.qptiff - resolution #1_Region 2.ome.tif	f1658aeb-ac75-467b-a516-bcabf8840ff1	ECT6a	ECT6a	ECT	Geometry	9228	2728.9	977	0	895	0	0	0	NaN	0	28243.9	773.31
JKBY11.1b_A3_Scan1.qptiff - resolution #1_Region 2.ome.tif	4f298597-a224-4ba0-b847-79b933dfb644	ECT5	ECT5	ECT	Geometry	9412.9	2656.8	988	0	895	0	0	0	NaN	0	75105.8	1318.8
JKBY11.1b_A3_Scan1.qptiff - resolution #1_Region 2.ome.tif	f1087ef1-2b59-4e8d-a901-bdccd82e87ad	PERI	PERI	Isocortex	Geometry	9506.1	3022.1	922	0	315	0	0	0	NaN	0	156524.3	2352.1
JKBY11.1b_A3_Scan1.qptiff - resolution #1_Region 2.ome.tif	fb04972b-d77c-48e5-a4d4-7ee95548f148	PERI1	PERI1	PERI	Geometry	9680.7	3170.9	540	0	922	0	0	0	NaN	0	32096.7	943.84
JKBY11.1b_A3_Scan1.qptiff - resolution #1_Region 2.ome.tif	0269a186-3e28-4176-8985-86dd9d150fed	PERI6a	PERI6a	PERI	Geometry	9253.4	2908	335	0	922	0	0	0	NaN	0	15955	686.56
JKBY11.1b_A3_Scan1.qptiff - resolution #1_Region 2.ome.tif	b94c54bb-1ecf-4c96-b097-e1821149fa21	PERI6b	PERI6b	PERI	Geometry	9154.9	2769.5	368	0	922	0	0	0	NaN	0	66.98	34.24
JKBY11.1b_A3_Scan1.qptiff - resolution #1_Region 2.ome.tif	6b0108a1-649b-4be2-bfb0-ed223c9ae632	PERI2/3	PERI2/3	PERI	Geometry	9564	3038.5	888	0	922	0	0	0	NaN	0	61647.5	1157.5
JKBY11.1b_A3_Scan1.qptiff - resolution #1_Region 2.ome.tif	c75e7944-fabe-4fa2-b58e-7802ce8bc3a7	PERI5	PERI5	PERI	Geometry	9397.6	2938.2	692	0	922	0	0	0	NaN	0	46758.5	1094.1
JKBY11.1b_A3_Scan1.qptiff - resolution #1_Region 2.ome.tif	e6399fee-3ef4-447a-81c8-8e2835d82845	VIS	VIS	Isocortex	Geometry	5482.5	1230.3	669	0	315	0	0	0	NaN	0	4678606.3	17324.6
JKBY11.1b_A3_Scan1.qptiff - resolution #1_Region 2.ome.tif	c8236632-0a9c-4e22-a97d-7996ad4dc742	VISli	VISli	VIS	Geometry	9141.3	1454	312782574	0	669	0	0	0	NaN	0	110655	1503.2
JKBY11.1b_A3_Scan1.qptiff - resolution #1_Region 2.ome.tif	8f9eb826-2f4d-4304-b537-63849e0181b9	VISli2/3	VISli2/3	VISli	Geometry	9164.6	1448.4	312782582	0	312782574	0	0	0	NaN	0	45734.9	939.25
JKBY11.1b_A3_Scan1.qptiff - resolution #1_Region 2.ome.tif	b8e31400-52b1-4979-aa17-0ce7bc1bc77d	VISli1	VISli1	VISli	Geometry	9265.8	1371.9	312782578	0	312782574	0	0	0	NaN	0	28069.8	789.33
JKBY11.1b_A3_Scan1.qptiff - resolution #1_Region 2.ome.tif	17dd3e8f-290d-47b8-967d-737663d79efc	VISli5	VISli5	VISli	Geometry	8965.3	1535.3	312782590	0	312782574	0	0	0	NaN	0	16406.3	702.04
JKBY11.1b_A3_Scan1.qptiff - resolution #1_Region 2.ome.tif	f3ce87c1-3fba-473a-8544-1efe2e2e66d4	VISli4	VISli4	VISli	Geometry	9060.2	1514.4	312782586	0	312782574	0	0	0	NaN	0	20444.1	687.18
JKBY11.1b_A3_Scan1.qptiff - resolution #1_Region 2.ome.tif	25613fd5-79f2-4893-8955-94cf5bf953b7	VISpor	VISpor	VIS	Geometry	6020.2	1997.3	312782628	0	669	0	0	0	NaN	0	1242141.8	7396.1
JKBY11.1b_A3_Scan1.qptiff - resolution #1_Region 2.ome.tif	922a7e7d-0bfb-4fee-9360-37a02fb0f7c8	VISpor2/3	VISpor2/3	VISpor	Geometry	4020.2	1966.4	312782636	0	312782628	0	0	0	NaN	0	338633.7	4472
JKBY11.1b_A3_Scan1.qptiff - resolution #1_Region 2.ome.tif	a1c6cf6b-077c-43c9-bd0f-24c716273483	VISpor1	VISpor1	VISpor	Geometry	3311.6	1934.5	312782632	0	312782628	0	0	0	NaN	0	220182.6	4456.3
JKBY11.1b_A3_Scan1.qptiff - resolution #1_Region 2.ome.tif	3c346811-7efe-4018-b453-baeb847ed75b	VISpor5	VISpor5	VISpor	Geometry	7009.2	2009.3	312782644	0	312782628	0	0	0	NaN	0	388417.9	4602.4
JKBY11.1b_A3_Scan1.qptiff - resolution #1_Region 2.ome.tif	4fea2737-f2cd-4270-8029-1035d7ccefbf	VISpor4	VISpor4	VISpor	Geometry	9351.2	1956.6	312782640	0	312782628	0	0	0	NaN	0	63370.8	1854.1
JKBY11.1b_A3_Scan1.qptiff - resolution #1_Region 2.ome.tif	e4602d1e-15b3-4bd3-b77a-9c3f37bb3a4b	VISpor6b	VISpor6b	VISpor	Geometry	8897	2168.8	312782652	0	312782628	0	0	0	NaN	0	39766.3	2399
JKBY11.1b_A3_Scan1.qptiff - resolution #1_Region 2.ome.tif	512e2b54-0629-4b75-967c-0d25bd863c9e	VISpor6a	VISpor6a	VISpor	Geometry	8961.7	2078	312782648	0	312782628	0	0	0	NaN	0	191770.6	2675.7
JKBY11.1b_A3_Scan1.qptiff - resolution #1_Region 2.ome.tif	301707e9-b351-430f-978a-3d5e4690f9db	VISp	VISp	VIS	Geometry	5490.7	737.42	385	0	669	0	0	0	NaN	0	2364523.3	10266
JKBY11.1b_A3_Scan1.qptiff - resolution #1_Region 2.ome.tif	0a831231-2efa-411c-8595-90cd7a31d8ed	VISp5	VISp5	VISp	Geometry	5496.8	945.82	778	0	385	0	0	0	NaN	0	496833.7	6281.5
JKBY11.1b_A3_Scan1.qptiff - resolution #1_Region 2.ome.tif	8e793f71-e816-4b80-8a8a-d0137a76ea43	VISp6a	VISp6a	VISp	Geometry	7925.6	1158.3	33	0	385	0	0	0	NaN	0	237492.9	2598.6
JKBY11.1b_A3_Scan1.qptiff - resolution #1_Region 2.ome.tif	677d9267-971c-4e2b-9573-ea38f9823059	VISp6b	VISp6b	VISp	Geometry	8121.4	1405.3	305	0	385	0	0	0	NaN	0	15231.8	941.11
JKBY11.1b_A3_Scan1.qptiff - resolution #1_Region 2.ome.tif	48d35490-92e1-494c-b160-35dfa308c56f	VISp2/3	VISp2/3	VISp	Geometry	5215.1	618.89	821	0	385	0	0	0	NaN	0	717893.3	8500.7
JKBY11.1b_A3_Scan1.qptiff - resolution #1_Region 2.ome.tif	40aa3334-c9de-43ef-887e-d3af5bf25eb8	VISp1	VISp1	VISp	Geometry	4898.6	460.78	593	0	385	0	0	0	NaN	0	537168.8	9319.6
JKBY11.1b_A3_Scan1.qptiff - resolution #1_Region 2.ome.tif	a9ce9e4b-9e82-4363-aeff-e8ffec75ade2	VISp4	VISp4	VISp	Geometry	5197.7	793.19	721	0	385	0	0	0	NaN	0	359903.2	6849.2
JKBY11.1b_A3_Scan1.qptiff - resolution #1_Region 2.ome.tif	30af0b07-e4a9-45a8-b4d1-2a4de2be1db7	VISl	VISl	VIS	Geometry	8393.5	1262.2	409	0	669	0	0	0	NaN	0	336322.4	3062
JKBY11.1b_A3_Scan1.qptiff - resolution #1_Region 2.ome.tif	63bbab9e-ed06-4840-a29b-34520951400f	VISl4	VISl4	VISl	Geometry	8783.9	1264	573	0	409	0	0	0	NaN	0	50224.2	1167.5
JKBY11.1b_A3_Scan1.qptiff - resolution #1_Region 2.ome.tif	761c178c-ea99-4d93-9c0e-ba8f79ea2625	VISl6a	VISl6a	VISl	Geometry	8471.4	1466.7	74	0	409	0	0	0	NaN	0	36190.9	836.04
JKBY11.1b_A3_Scan1.qptiff - resolution #1_Region 2.ome.tif	b566df26-e0e5-41ca-8613-f96698fff250	VISl5	VISl5	VISl	Geometry	8673	1378.9	613	0	409	0	0	0	NaN	0	91823.3	1309.4
JKBY11.1b_A3_Scan1.qptiff - resolution #1_Region 2.ome.tif	0fc52c51-434f-4a9b-8624-161ff6a22d97	VISl6b	VISl6b	VISl	Geometry	8378.5	1530.9	121	0	409	0	0	0	NaN	0	4118.5	348.36
JKBY11.1b_A3_Scan1.qptiff - resolution #1_Region 2.ome.tif	72144b99-9947-4f4d-ab1d-5f4c9f10eed3	VISl1	VISl1	VISl	Geometry	7043.3	1086.7	421	0	409	0	0	0	NaN	0	66119.5	1747
JKBY11.1b_A3_Scan1.qptiff - resolution #1_Region 2.ome.tif	a719d1aa-d4e8-44f6-9264-12b20310bc5a	VISl2/3	VISl2/3	VISl	Geometry	8863.7	1174.5	973	0	409	0	0	0	NaN	0	87845.9	1449
JKBY11.1b_A3_Scan1.qptiff - resolution #1_Region 2.ome.tif	49d4681b-6bfe-448d-91ed-dadb8a8c6472	VISpl	VISpl	VIS	Geometry	2168.3	1514.2	425	0	669	0	0	0	NaN	0	624963.9	4697.3
JKBY11.1b_A3_Scan1.qptiff - resolution #1_Region 2.ome.tif	37efbc1e-7d3b-4723-ae9a-50410c9c486e	VISpl2/3	VISpl2/3	VISpl	Geometry	1590.4	1405.5	269	0	425	0	0	0	NaN	0	95857.7	1448.5
JKBY11.1b_A3_Scan1.qptiff - resolution #1_Region 2.ome.tif	c8bf2930-0121-422d-ad3d-412998aa8bb8	VISpl4	VISpl4	VISpl	Geometry	1694.1	1473.1	869	0	425	0	0	0	NaN	0	41990.9	1411.8
JKBY11.1b_A3_Scan1.qptiff - resolution #1_Region 2.ome.tif	6a05c946-d2a7-4ef8-aa91-e1ba69ee7eec	VISpl6a	VISpl6a	VISpl	Geometry	2933.9	1538.7	377	0	425	0	0	0	NaN	0	185420.6	2981.4
JKBY11.1b_A3_Scan1.qptiff - resolution #1_Region 2.ome.tif	c64fa594-017a-4eab-9f9f-339065fcb484	VISpl5	VISpl5	VISpl	Geometry	1905.5	1580.9	902	0	425	0	0	0	NaN	0	245632.3	3462.3
JKBY11.1b_A3_Scan1.qptiff - resolution #1_Region 2.ome.tif	6eed7406-05d6-418d-8cfe-17b55cf78a11	VISpl6b	VISpl6b	VISpl	Geometry	8496.4	1626.6	393	0	425	0	0	0	NaN	0	5360.7	473.13
JKBY11.1b_A3_Scan1.qptiff - resolution #1_Region 2.ome.tif	a362e47d-0e6a-48de-be54-8260af496684	VISpl1	VISpl1	VISpl	Geometry	1458.6	1329.7	750	0	425	0	0	0	NaN	0	50701.8	1165.5
JKBY11.1b_A3_Scan1.qptiff - resolution #1_Region 2.ome.tif	c781bc37-53b8-4ae1-83cd-454fef6550d9	RSP	RSP	Isocortex	Geometry	4860.8	803.35	254	0	315	0	0	0	NaN	0	1143383.7	8376.9
JKBY11.1b_A3_Scan1.qptiff - resolution #1_Region 2.ome.tif	6f889116-740f-46c4-acc9-03ceb84ae1f5	RSPd	RSPd	RSP	Geometry	4963.3	908.86	879	0	254	0	0	0	NaN	0	620893.3	6569.4
JKBY11.1b_A3_Scan1.qptiff - resolution #1_Region 2.ome.tif	68b5f0f3-14c3-4246-aba4-bc46ef47e6c5	RSPd6a	RSPd6a	RSPd	Geometry	6434.5	1117.7	274	0	879	0	0	0	NaN	0	55817.5	1602.9
JKBY11.1b_A3_Scan1.qptiff - resolution #1_Region 2.ome.tif	1e55feb6-bb03-4015-912a-c419f76d6f7a	RSPd5	RSPd5	RSPd	Geometry	4858.2	1013.4	610	0	879	0	0	0	NaN	0	209021.3	3220.9
JKBY11.1b_A3_Scan1.qptiff - resolution #1_Region 2.ome.tif	2486a479-e264-4087-b843-6eb269ebe5d8	RSPd2/3	RSPd2/3	RSPd	Geometry	4826.1	849.84	434	0	879	0	0	0	NaN	0	164763.8	3746.3
JKBY11.1b_A3_Scan1.qptiff - resolution #1_Region 2.ome.tif	ad2593d6-4c69-4dd8-a6a4-b08326e722f7	RSPd1	RSPd1	RSPd	Geometry	4767.2	784.52	442	0	879	0	0	0	NaN	0	191290.8	4382.1
JKBY11.1b_A3_Scan1.qptiff - resolution #1_Region 2.ome.tif	6ad881f1-4f0f-4950-a565-5a71ea8455ff	RSPagl	RSPagl	RSP	Geometry	4738.9	677.97	894	0	254	0	0	0	NaN	0	522490.3	7283.4
JKBY11.1b_A3_Scan1.qptiff - resolution #1_Region 2.ome.tif	02ff7366-a9c0-48e4-905d-a6f150529967	RSPagl5	RSPagl5	RSPagl	Geometry	3925.8	882.88	774	0	894	0	0	0	NaN	0	198953.2	3189.5
JKBY11.1b_A3_Scan1.qptiff - resolution #1_Region 2.ome.tif	17c29722-7141-4e0b-b887-5283e86f1e96	RSPagl6a	RSPagl6a	RSPagl	Geometry	7495.1	1044.7	906	0	894	0	0	0	NaN	0	60892	1581.7
JKBY11.1b_A3_Scan1.qptiff - resolution #1_Region 2.ome.tif	b85225a3-1356-4942-a3c8-ec7032583b60	RSPagl1	RSPagl1	RSPagl	Geometry	4903.9	355.78	671	0	894	0	0	0	NaN	0	125054.2	2040.9
JKBY11.1b_A3_Scan1.qptiff - resolution #1_Region 2.ome.tif	b2649853-1490-43e9-beb7-7dbed2b6869d	RSPagl2/3	RSPagl2/3	RSPagl	Geometry	4545.1	512.2	965	0	894	0	0	0	NaN	0	137590.9	2311.1
JKBY11.1b_A3_Scan1.qptiff - resolution #1_Region 2.ome.tif	f47619ab-7e6b-4224-a763-fb5536c1561a	HPF	HPF	CTXpl	Geometry	5101.2	3607.8	1089	0	695	0	0	0	NaN	0	14128199.2	32792.6
JKBY11.1b_A3_Scan1.qptiff - resolution #1_Region 2.ome.tif	1f2bf26d-2f78-417a-9fae-4ce8dec55b82	RHP	RHP	HPF	Geometry	4954.3	3620.7	822	0	1089	0	0	0	NaN	0	13408167.3	31242.9
JKBY11.1b_A3_Scan1.qptiff - resolution #1_Region 2.ome.tif	125749e5-ca5f-4fa8-ad33-e18b0cdc43bd	ProS	ProS	RHP	Geometry	8288.8	4293.5	484682470	0	822	0	0	0	NaN	0	963689.6	5879.5
JKBY11.1b_A3_Scan1.qptiff - resolution #1_Region 2.ome.tif	97f45c51-0b7e-464d-8bdd-0a33770c9bde	POST	POST	RHP	Geometry	7627.2	1560.9	1037	0	822	0	0	0	NaN	0	333858.3	2402.6
JKBY11.1b_A3_Scan1.qptiff - resolution #1_Region 2.ome.tif	a260ee8e-03f2-483b-ad52-e6657896a836	PRE	PRE	RHP	Geometry	7926.2	2653.8	1084	0	822	0	0	0	NaN	0	1021903.4	5609.4
JKBY11.1b_A3_Scan1.qptiff - resolution #1_Region 2.ome.tif	55dd9972-2472-4c03-bd00-290e938c3e52	PAR	PAR	RHP	Geometry	2378.9	3252.3	843	0	822	0	0	0	NaN	0	1118842.6	6611.3
JKBY11.1b_A3_Scan1.qptiff - resolution #1_Region 2.ome.tif	220dbe68-948a-47b1-9a29-53e1bc8d3553	HATA	HATA	RHP	Geometry	7580.2	5061.2	589508447	0	822	0	0	0	NaN	0	388032.6	2880
JKBY11.1b_A3_Scan1.qptiff - resolution #1_Region 2.ome.tif	26190191-8675-437a-ab1a-f9f79399e3b2	ENT	ENT	RHP	Geometry	3845.3	3980.1	909	0	822	0	0	0	NaN	0	7760925	19410.9
JKBY11.1b_A3_Scan1.qptiff - resolution #1_Region 2.ome.tif	817f8765-8adb-4807-b220-35331827a4ee	ENTl	ENTl	ENT	Geometry	4378.2	3950.8	918	0	909	0	0	0	NaN	0	4550658.9	14330.7
JKBY11.1b_A3_Scan1.qptiff - resolution #1_Region 2.ome.tif	1d9245de-1c77-4d7e-865d-ac4da68c9862	ENTl2	ENTl2	ENTl	Geometry	4511.2	4110.9	20	0	918	0	0	0	NaN	0	1113859.4	11772.9
JKBY11.1b_A3_Scan1.qptiff - resolution #1_Region 2.ome.tif	abb0d2e6-c008-4e16-8ff6-46e359427efd	ENTl6a	ENTl6a	ENTl	Geometry	4072.7	3668.7	28	0	918	0	0	0	NaN	0	939496.7	10546.9
JKBY11.1b_A3_Scan1.qptiff - resolution #1_Region 2.ome.tif	20dc950a-4452-46d4-aa49-0e65aa7c3cd3	ENTl3	ENTl3	ENTl	Geometry	4560.6	4030.7	52	0	918	0	0	0	NaN	0	873413	11447.9
JKBY11.1b_A3_Scan1.qptiff - resolution #1_Region 2.ome.tif	88c11caf-9c6d-4e1a-b0ef-a7997edeeef9	ENTl1	ENTl1	ENTl	Geometry	4442.6	4143.7	1121	0	918	0	0	0	NaN	0	575588.2	11151.6
JKBY11.1b_A3_Scan1.qptiff - resolution #1_Region 2.ome.tif	113ae3d9-9f8a-42f7-8096-23c019f149a3	ENTl5	ENTl5	ENTl	Geometry	4323.1	3860.8	139	0	918	0	0	0	NaN	0	1048301.6	11394.7
JKBY11.1b_A3_Scan1.qptiff - resolution #1_Region 2.ome.tif	63bbf832-5db7-41b5-9928-12d37f78e6b6	ENTm	ENTm	ENT	Geometry	3090.1	4021.6	926	0	909	0	0	0	NaN	0	3210266.1	13707.1
JKBY11.1b_A3_Scan1.qptiff - resolution #1_Region 2.ome.tif	91e8a2a4-475f-42c6-8b1b-9b0baea5c74d	ENTm1	ENTm1	ENTm	Geometry	2574.7	5290.1	526	0	926	0	0	0	NaN	0	248532.5	4757.4
JKBY11.1b_A3_Scan1.qptiff - resolution #1_Region 2.ome.tif	78dde681-e171-432e-b153-ce692ed09cbe	ENTm2	ENTm2	ENTm	Geometry	4424.3	5275.5	543	0	926	0	0	0	NaN	0	311254.3	6029.4
JKBY11.1b_A3_Scan1.qptiff - resolution #1_Region 2.ome.tif	96a116c6-0339-4c71-964a-6f68518c5283	ENTm3	ENTm3	ENTm	Geometry	4687.2	4593.3	664	0	926	0	0	0	NaN	0	480648	8312.8
JKBY11.1b_A3_Scan1.qptiff - resolution #1_Region 2.ome.tif	089393ac-734a-4847-b23f-7795f83a3d35	ENTm5	ENTm5	ENTm	Geometry	2895.7	3474.2	727	0	926	0	0	0	NaN	0	1092700.1	10881.9
JKBY11.1b_A3_Scan1.qptiff - resolution #1_Region 2.ome.tif	04b655f9-60b7-4b6e-b5a5-245c9c5818bf	ENTm6	ENTm6	ENTm	Geometry	2307.9	3666.8	743	0	926	0	0	0	NaN	0	1077131.3	8066.3
JKBY11.1b_A3_Scan1.qptiff - resolution #1_Region 2.ome.tif	b7e8baf3-f661-4c8b-9183-391ce69d9bc0	APr	APr	RHP	Geometry	3433.5	1713.5	484682508	0	822	0	0	0	NaN	0	618118	4858.4
JKBY11.1b_A3_Scan1.qptiff - resolution #1_Region 2.ome.tif	0c2202cd-062d-415d-bd3f-cd41e9ffbf3f	SUB	SUB	RHP	Geometry	8502.9	3014.8	502	0	822	0	0	0	NaN	0	1202798.8	7317.8
JKBY11.1b_A3_Scan1.qptiff - resolution #1_Region 2.ome.tif	cf408b09-dc87-47a7-acea-c4480229b6cc	HIP	HIP	HPF	Geometry	7693	3893.5	1080	0	1089	0	0	0	NaN	0	521597.7	3364.1
JKBY11.1b_A3_Scan1.qptiff - resolution #1_Region 2.ome.tif	c7ef6fa0-bf64-47fd-a42c-749c5157177c	DG	DG	HIP	Geometry	7693	3893.5	726	0	1080	0	0	0	NaN	0	521597.7	3364.1
JKBY11.1b_A3_Scan1.qptiff - resolution #1_Region 2.ome.tif	3da8d02b-5275-4530-a2d8-c60efa6c0a7e	DG-mo	DG-mo	DG	Geometry	7693	3893.5	10703	0	726	0	0	0	NaN	0	521597.7	3364.1
JKBY11.1b_A3_Scan1.qptiff - resolution #1_Region 2.ome.tif	5b939605-9397-42ee-86e4-f42005b640d6	OLF	OLF	CTXpl	Geometry	8170.7	5811	698	0	695	0	0	0	NaN	0	522270.6	3916.7
JKBY11.1b_A3_Scan1.qptiff - resolution #1_Region 2.ome.tif	9c947bc5-cd7e-416b-b6e5-1c1d9e241a03	TR	TR	OLF	Geometry	8398	5722.1	566	0	698	0	0	0	NaN	0	343012.4	3016.3
JKBY11.1b_A3_Scan1.qptiff - resolution #1_Region 2.ome.tif	b0156ff8-cf44-46da-994f-7b4c2b0da843	COA	COA	OLF	Geometry	7736.2	5981.2	631	0	698	0	0	0	NaN	0	179258.6	1638.3
JKBY11.1b_A3_Scan1.qptiff - resolution #1_Region 2.ome.tif	a3bb2bb9-4a55-4196-ac10-304bbd51da86	COAp	COAp	COA	Geometry	7736.2	5981.2	647	0	631	0	0	0	NaN	0	179258.6	1638.3
JKBY11.1b_A3_Scan1.qptiff - resolution #1_Region 2.ome.tif	e423e208-dfaa-43c1-8eca-9b97bb903e51	COApl	COApl	COAp	Geometry	7977.9	6046.1	655	0	647	0	0	0	NaN	0	4916.7	468.85
JKBY11.1b_A3_Scan1.qptiff - resolution #1_Region 2.ome.tif	b8b89619-6679-4d66-9dc4-41d830476ff7	COApm	COApm	COAp	Geometry	7729.3	5979.3	663	0	647	0	0	0	NaN	0	174341.9	1604.6
JKBY11.1b_A3_Scan1.qptiff - resolution #1_Region 2.ome.tif	2c61c33b-a2b4-4362-9305-eac7a55c3cad	CTXsp	CTXsp	CTX	Geometry	7545.8	5792	703	0	688	0	0	0	NaN	0	3165.7	411.38
JKBY11.1b_A3_Scan1.qptiff - resolution #1_Region 2.ome.tif	c45fb961-cbc7-4ad1-99ad-298d0951fc78	PA	PA	CTXsp	Geometry	7545.8	5792	780	0	703	0	0	0	NaN	0	3165.7	411.38
JKBY11.1b_A3_Scan1.qptiff - resolution #1_Region 2.ome.tif	2e672f6d-2811-48ca-a6b5-fdf15646532a	BS	BS	grey	Geometry	5081.8	3053.9	343	0	8	436	63	373	85.55	19.66	18974536.7	42261.1
JKBY11.1b_A3_Scan1.qptiff - resolution #1_Region 2.ome.tif	19d6ea64-cda7-4803-8438-6a7603e0c946	HB	HB	BS	Geometry	4968.8	4825.1	1065	0	343	0	0	0	NaN	0	5995500.8	25573.9
JKBY11.1b_A3_Scan1.qptiff - resolution #1_Region 2.ome.tif	e6a77eb2-7ead-4b0e-a7c0-58237186264f	P	P	HB	Geometry	4968.8	4825.1	771	0	1065	0	0	0	NaN	0	5995500.8	25573.9
JKBY11.1b_A3_Scan1.qptiff - resolution #1_Region 2.ome.tif	041da028-a2b9-4daf-9cc2-5c88a9cff969	P-sat	P-sat	P	Geometry	5052.2	4313.9	1117	0	771	0	0	0	NaN	0	2284894.6	11269.4
JKBY11.1b_A3_Scan1.qptiff - resolution #1_Region 2.ome.tif	ccd9ca17-a981-40b4-b133-65ae3e1d4901	PRNr	PRNr	P-sat	Geometry	5025.6	4331.4	146	0	1117	0	0	0	NaN	0	1684959.9	7724
JKBY11.1b_A3_Scan1.qptiff - resolution #1_Region 2.ome.tif	730990c1-ca21-47f8-93fd-b987a69fa45c	CS	CS	P-sat	Geometry	5126.9	4264.7	679	0	1117	0	0	0	NaN	0	599935.5	3545.4
JKBY11.1b_A3_Scan1.qptiff - resolution #1_Region 2.ome.tif	02000ddd-5aaa-496f-a6ef-04b4a21acccf	P-sen	P-sen	P	Geometry	4134	4644.1	1132	0	771	0	0	0	NaN	0	676991.9	5749.8
JKBY11.1b_A3_Scan1.qptiff - resolution #1_Region 2.ome.tif	462efe8a-c2fb-4929-a2e7-5bafc5d92572	NLL	NLL	P-sen	Geometry	4134	4644.1	612	0	1132	0	0	0	NaN	0	676991.9	5749.8
JKBY11.1b_A3_Scan1.qptiff - resolution #1_Region 2.ome.tif	37ba5417-e366-4498-965f-eba4c331dcb7	P-mot	P-mot	P	Geometry	5094.9	5382.3	987	0	771	0	0	0	NaN	0	1927820.2	11452.1
JKBY11.1b_A3_Scan1.qptiff - resolution #1_Region 2.ome.tif	58a7ff81-81ca-43cd-bd3d-9b2bf6ad47fe	TRN	TRN	P-mot	Geometry	5064.6	5038.7	574	0	987	0	0	0	NaN	0	630513.3	8172.5
JKBY11.1b_A3_Scan1.qptiff - resolution #1_Region 2.ome.tif	8c4222d8-2d09-46c4-97a9-89f495ff02ac	PG	PG	P-mot	Geometry	5109.7	5549.2	931	0	987	0	0	0	NaN	0	1297344.9	7336.6
JKBY11.1b_A3_Scan1.qptiff - resolution #1_Region 2.ome.tif	0535ccb0-e494-44f5-a972-f37e0e305c70	MB	MB	BS	Geometry	5134	2235.8	313	0	343	436	63	373	85.55	28.74	12979059.2	25462
JKBY11.1b_A3_Scan1.qptiff - resolution #1_Region 2.ome.tif	f0ecad43-06c9-4bf8-90be-29b0ea71990f	MBmot	MBmot	MB	Geometry	5221.3	2108.6	323	0	313	436	63	373	85.55	49.67	7509493	20508
JKBY11.1b_A3_Scan1.qptiff - resolution #1_Region 2.ome.tif	86019648-7fe3-4319-ab0e-93eeb67e8aff	PAG	PAG	MBmot	Geometry	5152.6	2177.2	795	0	323	434	61	373	85.94	171.87	2170191.5	7419.4
JKBY11.1b_A3_Scan1.qptiff - resolution #1_Region 2.ome.tif	84e4b746-7d65-4779-894a-6916bdd42e6a	Su3	Su3	PAG	Geometry	5616.4	2735.9	614454277	0	795	0	0	0	NaN	0	2895.9	254.67
JKBY11.1b_A3_Scan1.qptiff - resolution #1_Region 2.ome.tif	f6f73674-7ac4-46c5-b87c-74e72cdda647	SCm	SCm	MBmot	Geometry	5228.1	1309	294	0	323	1	1	0	0	0	2782706.8	9695.7
JKBY11.1b_A3_Scan1.qptiff - resolution #1_Region 2.ome.tif	cca53cdb-1472-485a-b870-7bfcd14e20af	SCig	SCig	SCm	Geometry	5382.9	953.16	10	0	294	0	0	0	NaN	0	597276.4	7749.5
JKBY11.1b_A3_Scan1.qptiff - resolution #1_Region 2.ome.tif	57bdfc42-d580-4982-9e37-e822b3958ba7	SCiw	SCiw	SCm	Geometry	5242.5	1217.5	17	0	294	0	0	0	NaN	0	1024591.1	7978.9
JKBY11.1b_A3_Scan1.qptiff - resolution #1_Region 2.ome.tif	59e32f74-e92d-4cf2-ad60-074e67c4d722	SCdg	SCdg	SCm	Geometry	5137	1553.1	26	0	294	0	0	0	NaN	0	955557.5	7442.7
JKBY11.1b_A3_Scan1.qptiff - resolution #1_Region 2.ome.tif	1ec0acc9-5e0b-4733-af62-74fc66740b8b	SCdw	SCdw	SCm	Geometry	5130.8	1665.4	42	0	294	1	1	0	0	0	205253.9	5984
JKBY11.1b_A3_Scan1.qptiff - resolution #1_Region 2.ome.tif	9efad4f2-1815-4475-ab6e-07557c5f2590	MRN	MRN	MBmot	Geometry	5274.6	2918.1	128	0	323	1	1	0	0	0	2525639.9	12491.4
JKBY11.1b_A3_Scan1.qptiff - resolution #1_Region 2.ome.tif	99e62ea2-6c77-4872-9019-eb1b28a20e43	Pa4	Pa4	MBmot	Geometry	5125.7	3066.1	606826663	0	323	0	0	0	NaN	0	27924.4	857.9
JKBY11.1b_A3_Scan1.qptiff - resolution #1_Region 2.ome.tif	969e5af6-5aff-4660-9d05-dc157a51f312	AT	AT	MBmot	Geometry	4879.9	3851.7	231	0	323	0	0	0	NaN	0	3031.1	212.14
JKBY11.1b_A3_Scan1.qptiff - resolution #1_Region 2.ome.tif	ed9b9237-994a-4bbe-be03-96fba6f49b2a	MBsen	MBsen	MB	Geometry	4964.7	1485.9	339	0	313	0	0	0	NaN	0	2070343.1	17095.4
JKBY11.1b_A3_Scan1.qptiff - resolution #1_Region 2.ome.tif	4a20fc9c-9be0-4e2d-ac7e-ad7775ebd04e	IC	IC	MBsen	Geometry	4291	2059.9	4	0	339	0	0	0	NaN	0	739514.9	5181
JKBY11.1b_A3_Scan1.qptiff - resolution #1_Region 2.ome.tif	25b37906-125a-4d7a-964c-0d6b98154e28	ICe	ICe	IC	Geometry	4291	2059.9	828	0	4	0	0	0	NaN	0	739514.9	5181
JKBY11.1b_A3_Scan1.qptiff - resolution #1_Region 2.ome.tif	672f3cf8-2cd2-49aa-be7a-fe8c6eb894e1	SAG	SAG	MBsen	Geometry	5135.8	2897	271	0	339	0	0	0	NaN	0	212004.5	2471.8
JKBY11.1b_A3_Scan1.qptiff - resolution #1_Region 2.ome.tif	470ad603-20e8-4354-9686-7aec78c29ac0	SCs	SCs	MBsen	Geometry	5331.8	650.66	302	0	339	0	0	0	NaN	0	1024863.1	7542.2
JKBY11.1b_A3_Scan1.qptiff - resolution #1_Region 2.ome.tif	cc95378d-3fd7-4099-92ce-0b8347850e8b	SCzo	SCzo	SCs	Geometry	5281.8	564.14	834	0	302	0	0	0	NaN	0	178581.2	7955.2
JKBY11.1b_A3_Scan1.qptiff - resolution #1_Region 2.ome.tif	fd3eeaec-3ec4-4806-be9f-84e7f10dff07	SCsg	SCsg	SCs	Geometry	5341.4	620.46	842	0	302	0	0	0	NaN	0	602285.5	7126.8
JKBY11.1b_A3_Scan1.qptiff - resolution #1_Region 2.ome.tif	78461610-0cd1-4ea4-b0dd-3a508d0471ef	SCop	SCop	SCs	Geometry	5344.5	787.76	851	0	302	0	0	0	NaN	0	243996.8	6957.1
JKBY11.1b_A3_Scan1.qptiff - resolution #1_Region 2.ome.tif	99d0ff3b-97e5-4423-ae0c-facdff97b05b	PBG	PBG	MBsen	Geometry	5877.6	2896.1	874	0	339	0	0	0	NaN	0	93960	1900.4
JKBY11.1b_A3_Scan1.qptiff - resolution #1_Region 2.ome.tif	5b20cd11-be42-4cf0-bc66-b8e6c4c3c2db	MBsta	MBsta	MB	Geometry	4667.3	3427.6	348	0	313	0	0	0	NaN	0	911809.8	7187.2
JKBY11.1b_A3_Scan1.qptiff - resolution #1_Region 2.ome.tif	2d155193-e30d-474b-9125-c3beb21cb28f	PPN	PPN	MBsta	Geometry	4569.6	3524	1052	0	348	0	0	0	NaN	0	769362.1	4719.9
JKBY11.1b_A3_Scan1.qptiff - resolution #1_Region 2.ome.tif	869b2cb7-1a04-4ae2-87a9-78399a45d052	RAmb	RAmb	MBsta	Geometry	5195.1	2906.9	165	0	348	0	0	0	NaN	0	142447.7	2467.2
JKBY11.1b_A3_Scan1.qptiff - resolution #1_Region 2.ome.tif	62e37bcd-07ae-4fa7-9d74-c8358d7e4667	CLI	CLI	RAmb	Geometry	5206.8	3361.1	591	0	165	0	0	0	NaN	0	31475.3	1003.8
JKBY11.1b_A3_Scan1.qptiff - resolution #1_Region 2.ome.tif	a2e2ead1-f20f-4c29-a048-73af023e38b5	DR	DR	RAmb	Geometry	5192.2	2778.2	872	0	165	0	0	0	NaN	0	110971.6	1463.4
JKBY11.1b_A3_Scan1.qptiff - resolution #1_Region 2.ome.tif	05bbae53-b317-4c04-98e2-bacf34544d92	VS	VS	root	Geometry	5200.3	2182.7	73	0	997	0	0	0	NaN	0	84188.1	1124.7
JKBY11.1b_A3_Scan1.qptiff - resolution #1_Region 2.ome.tif	09f33159-9824-4880-870c-e9b1d6b5ced9	AQ	AQ	VS	Geometry	5200.3	2182.7	140	0	73	0	0	0	NaN	0	84188.1	1124.7
JKBY11.1b_A3_Scan1.qptiff - resolution #1_Region 2.ome.tif	312a481f-bb60-4235-8dca-6e0ff3b6a451	fiber tracts	fiber tracts	root	Geometry	5165.2	4373.7	1009	0	997	0	0	0	NaN	0	3343501.3	49098.4
JKBY11.1b_A3_Scan1.qptiff - resolution #1_Region 2.ome.tif	ab2cf315-a6b8-4823-9c02-ff0166e7d661	cbf	cbf	fiber tracts	Geometry	4826.8	5047.2	960	0	1009	0	0	0	NaN	0	1061148.9	11595.2
JKBY11.1b_A3_Scan1.qptiff - resolution #1_Region 2.ome.tif	44a6d8cb-edc8-42dd-b73b-73cd5b85bde0	cbp	cbp	cbf	Geometry	4826.8	5047.2	752	0	960	0	0	0	NaN	0	1061148.9	11595.2
JKBY11.1b_A3_Scan1.qptiff - resolution #1_Region 2.ome.tif	6137ae2a-6de6-440a-9c5d-da575e847d7d	scp	scp	cbp	Geometry	5093.7	3638.3	326	0	752	0	0	0	NaN	0	141239.7	2210.7
JKBY11.1b_A3_Scan1.qptiff - resolution #1_Region 2.ome.tif	9ada9a37-6257-43e9-a134-54300617b7f1	dscp	dscp	scp	Geometry	5166.5	3656.9	812	0	326	0	0	0	NaN	0	120678.3	1276.6
JKBY11.1b_A3_Scan1.qptiff - resolution #1_Region 2.ome.tif	579bc270-8150-4f2a-8bbe-cf5bb89a6756	mcp	mcp	cbp	Geometry	4785.9	5263.5	78	0	752	0	0	0	NaN	0	919909.2	9384.4
JKBY11.1b_A3_Scan1.qptiff - resolution #1_Region 2.ome.tif	e51e0945-b82d-4964-b795-0205f654a0c7	cm	cm	fiber tracts	Geometry	4304.4	4505.6	967	0	1009	0	0	0	NaN	0	1384554.2	25776.8
JKBY11.1b_A3_Scan1.qptiff - resolution #1_Region 2.ome.tif	640b9869-6b1f-4aa1-9e83-1d7663deb785	drt	drt	cm	Geometry	5096.2	5055.1	792	0	967	0	0	0	NaN	0	141487.5	1985.2
JKBY11.1b_A3_Scan1.qptiff - resolution #1_Region 2.ome.tif	326db97f-879f-47c6-bc54-0f8c3662ef81	cett	cett	drt	Geometry	5096.2	5055.1	932	0	792	0	0	0	NaN	0	141487.5	1985.2
JKBY11.1b_A3_Scan1.qptiff - resolution #1_Region 2.ome.tif	ff4a28c1-2fe0-4f86-bbcb-4db0463fc5c9	ml	ml	cett	Geometry	5096.2	5055.1	697	0	932	0	0	0	NaN	0	141487.5	1985.2
JKBY11.1b_A3_Scan1.qptiff - resolution #1_Region 2.ome.tif	92ee6c0d-ca9c-4b9a-959f-b04f7ba4db30	IIIn	IIIn	cm	Geometry	5184.4	3157.4	832	0	967	0	0	0	NaN	0	40766.2	1383.9
JKBY11.1b_A3_Scan1.qptiff - resolution #1_Region 2.ome.tif	b8707efa-cd29-4486-9a9d-f487dbb18299	mlf	mlf	IIIn	Geometry	5184.4	3157.4	62	0	832	0	0	0	NaN	0	40766.2	1383.9
JKBY11.1b_A3_Scan1.qptiff - resolution #1_Region 2.ome.tif	aea04d8e-8855-4b0d-80b2-defb9061f88b	Vn	Vn	cm	Geometry	3374.2	5422.3	901	0	967	0	0	0	NaN	0	516543.5	5262.2
JKBY11.1b_A3_Scan1.qptiff - resolution #1_Region 2.ome.tif	6faf1827-5e74-4ca9-b6bc-58a2370f0be8	moV	moV	Vn	Geometry	5461.8	5231.1	93	0	901	0	0	0	NaN	0	96601.5	2780.7
JKBY11.1b_A3_Scan1.qptiff - resolution #1_Region 2.ome.tif	3774eb01-6f4d-402f-9226-9b29746b8e98	sV	sV	Vn	Geometry	2894	5466.3	229	0	901	0	0	0	NaN	0	419942.1	2481.5
JKBY11.1b_A3_Scan1.qptiff - resolution #1_Region 2.ome.tif	6bae7bca-a3a8-4c03-abfb-0ab5338c7a1a	VIIIn	VIIIn	cm	Geometry	4789.4	3781.9	933	0	967	0	0	0	NaN	0	685756.9	17145.5
JKBY11.1b_A3_Scan1.qptiff - resolution #1_Region 2.ome.tif	42ce3b38-3ec8-4934-9629-6ca363e48ea0	cVIIIn	cVIIIn	VIIIn	Geometry	4789.4	3781.9	948	0	933	0	0	0	NaN	0	685756.9	17145.5
JKBY11.1b_A3_Scan1.qptiff - resolution #1_Region 2.ome.tif	95bff76b-f5fd-45ba-9188-7d8a24fc055e	ll	ll	cVIIIn	Geometry	4692.9	4460.6	658	0	948	0	0	0	NaN	0	504409.4	12090.9
JKBY11.1b_A3_Scan1.qptiff - resolution #1_Region 2.ome.tif	0ccfc13c-ff5a-43e9-a9ce-6cf1c8224535	bic	bic	cVIIIn	Geometry	5057.7	1894	482	0	948	0	0	0	NaN	0	181347.5	5054.6
JKBY11.1b_A3_Scan1.qptiff - resolution #1_Region 2.ome.tif	6f967d27-40b4-454b-82a4-e6379e5f0786	lfbs	lfbs	fiber tracts	Geometry	7764.5	3474.1	983	0	1009	0	0	0	NaN	0	303595.1	10668.2
JKBY11.1b_A3_Scan1.qptiff - resolution #1_Region 2.ome.tif	8deceda5-beab-4c49-885b-41734f4dae4f	cc	cc	lfbs	Geometry	8799.1	2951.3	776	0	983	0	0	0	NaN	0	188935.6	9045.7
JKBY11.1b_A3_Scan1.qptiff - resolution #1_Region 2.ome.tif	643e5067-cc2d-4f32-aa5c-dcf7c0db3a2e	fa	fa	cc	Geometry	8799.1	2951.3	956	0	776	0	0	0	NaN	0	188935.6	9045.7
JKBY11.1b_A3_Scan1.qptiff - resolution #1_Region 2.ome.tif	3d57958a-9fc4-4c04-b1b5-51e5dcfbe343	ec	ec	fa	Geometry	8799.1	2951.3	579	0	956	0	0	0	NaN	0	188935.6	9045.7
JKBY11.1b_A3_Scan1.qptiff - resolution #1_Region 2.ome.tif	a3d55fc6-4e63-4c8d-83ac-204f830a481c	cst	cst	lfbs	Geometry	5026.9	5247.7	784	0	983	0	0	0	NaN	0	82737.9	1639.7
JKBY11.1b_A3_Scan1.qptiff - resolution #1_Region 2.ome.tif	5870470c-1344-407a-b442-4d6f306e15dc	lfbst	lfbst	lfbs	Geometry	8736.9	1972.7	896	0	983	0	0	0	NaN	0	31918.8	1859.7
JKBY11.1b_A3_Scan1.qptiff - resolution #1_Region 2.ome.tif	e92a2a46-a2fe-4617-b034-2d1346c846d6	or	or	lfbst	Geometry	8736.9	1972.7	484682520	0	896	0	0	0	NaN	0	31918.8	1859.7
JKBY11.1b_A3_Scan1.qptiff - resolution #1_Region 2.ome.tif	008a8a11-3a79-4339-a1ab-fc61b73d49aa	mfbs	mfbs	fiber tracts	Geometry	8158.8	2592.6	991	0	1009	0	0	0	NaN	0	233333.1	11261
JKBY11.1b_A3_Scan1.qptiff - resolution #1_Region 2.ome.tif	cc007cfa-1ee3-423a-a261-c986b52bcffe	mfbc	mfbc	mfbs	Geometry	8535.7	2486.8	768	0	991	0	0	0	NaN	0	207157.1	9900.7
JKBY11.1b_A3_Scan1.qptiff - resolution #1_Region 2.ome.tif	ce4a3b90-7748-40ee-8d15-37a96436efd2	fxs	fxs	mfbc	Geometry	8535.7	2486.8	1099	0	768	0	0	0	NaN	0	207157.1	9900.7
JKBY11.1b_A3_Scan1.qptiff - resolution #1_Region 2.ome.tif	40373daa-fc65-4643-be98-525ed4f5f914	hc	hc	fxs	Geometry	8400.9	1798.2	618	0	1099	0	0	0	NaN	0	111548.4	2009.3
JKBY11.1b_A3_Scan1.qptiff - resolution #1_Region 2.ome.tif	cb91e50c-de03-4208-b2b4-76e91808ec26	dhc	dhc	hc	Geometry	8400.9	1798.2	443	0	618	0	0	0	NaN	0	111548.4	2009.3
JKBY11.1b_A3_Scan1.qptiff - resolution #1_Region 2.ome.tif	14eda8e5-393b-49c5-a539-29d5a6ae0851	alv	alv	fxs	Geometry	8693.3	3290.3	466	0	1099	0	0	0	NaN	0	95620.7	7986.6
JKBY11.1b_A3_Scan1.qptiff - resolution #1_Region 2.ome.tif	62ad96dc-444e-4bb1-995a-c543b67e59e1	mfsbshy	mfsbshy	mfbs	Geometry	5176.3	3429.9	824	0	991	0	0	0	NaN	0	26176	1360.2
JKBY11.1b_A3_Scan1.qptiff - resolution #1_Region 2.ome.tif	ee22149d-958e-4855-b521-3c5c044656d8	mfbsma	mfbsma	mfsbshy	Geometry	5176.3	3429.9	46	0	824	0	0	0	NaN	0	26176	1360.2
JKBY11.1b_A3_Scan1.qptiff - resolution #1_Region 2.ome.tif	5844533c-0c3d-4f57-ac32-65fb3ec1559a	mtg	mtg	mfbsma	Geometry	5176.3	3429.9	681	0	46	0	0	0	NaN	0	26176	1360.2
JKBY11.1b_A3_Scan1.qptiff - resolution #1_Region 2.ome.tif	9410789f-31f7-4305-86d3-21b1197a74ed	eps	eps	fiber tracts	Geometry	5275.8	3848.4	1000	0	1009	0	0	0	NaN	0	352754.2	6001.1
JKBY11.1b_A3_Scan1.qptiff - resolution #1_Region 2.ome.tif	861a1245-6c3e-4062-8028-a2378d5b9c1b	rust	rust	eps	Geometry	5439.4	4095.5	863	0	1000	0	0	0	NaN	0	154319.1	2428.3
JKBY11.1b_A3_Scan1.qptiff - resolution #1_Region 2.ome.tif	28d21a6d-1114-4e14-b7e6-c75f4e89f616	tsp	tsp	eps	Geometry	5148.6	3656.2	877	0	1000	0	0	0	NaN	0	198435.1	3572.8
JKBY11.1b_A3_Scan1.qptiff - resolution #1_Region 2.ome.tif	e3c167c5-6672-4998-9631-1d3dabd20205	tspc	tspc	tsp	Geometry	5148.6	3656.2	1043	0	877	0	0	0	NaN	0	198435.1	3572.8
JKBY11.1b_A3_Scan1.qptiff - resolution #1_Region 2.ome.tif	7c0cbb46-cd5f-419a-81aa-7a086f197c7f	scwm	scwm	fiber tracts	Geometry	8218.9	1479.2	484682512	0	1009	0	0	0	NaN	0	8055.4	1213.7
JKBY11.1b_A3_Scan1.qptiff - resolution #1_Region 2.ome.tif	e36a08b7-1bdd-4dc8-96c4-052d904fa9dd	dmPAG		Image	Polygon	5206.1	1681.9	NaN	NaN	NaN	104	27	77	74.04	179.45	429098.4	2960.2
JKBY11.1b_A3_Scan1.qptiff - resolution #1_Region 2.ome.tif	83f0cb91-71d9-4fc6-91f0-d01909b152e4	dlPAG-l		Image	Polygon	4706.3	1858.6	NaN	NaN	NaN	47	18	29	61.7	134.18	216130.6	2110.4
JKBY11.1b_A3_Scan1.qptiff - resolution #1_Region 2.ome.tif	e72cf541-6b02-4193-bb52-64d365b3a540	dlPAG-r		Image	Polygon	5713.2	1893.9	NaN	NaN	NaN	25	3	22	88	109.51	200901.9	2036.9
JKBY11.1b_A3_Scan1.qptiff - resolution #1_Region 2.ome.tif	b20e3851-ec3c-4186-94b4-3b9168c9e183	lPAG-l		Image	Polygon	4575.5	2218.4	NaN	NaN	NaN	119	4	115	96.64	340.88	337361.3	2511.4
JKBY11.1b_A3_Scan1.qptiff - resolution #1_Region 2.ome.tif	50f9201f-87fc-42a8-865e-ebeb2ff359f0	lPAG-r		Image	Polygon	5806.5	2209	NaN	NaN	NaN	35	6	29	82.86	108.64	266927.6	2257.6
JKBY11.1b_A3_Scan1.qptiff - resolution #1_Region 2.ome.tif	56e2d75b-9e44-4aab-9287-4535b3f45cf8	vlPAG-l		Image	Polygon	4750.9	2651.8	NaN	NaN	NaN	74	2	72	97.3	180.91	397989.5	2515.9
JKBY11.1b_A3_Scan1.qptiff - resolution #1_Region 2.ome.tif	d06c028c-1bf0-4136-95ad-d8df5e944897	vlPAG-r		Image	Polygon	5591.9	2584.4	NaN	NaN	NaN	35	3	32	91.43	99.18	322651.8	2275.8
